INSERT INTO stadion (id_stadion, ilosc_miejsc, miasto, ulica, nr_budynku) VALUES (123451, 15139, 'Gdynia', 'Olimpijska', '5/9');
INSERT INTO stadion (id_stadion, ilosc_miejsc, miasto, ulica, nr_budynku) VALUES (123452, 6244, 'Legnica', 'Orła Białego', '1');
INSERT INTO stadion (id_stadion, ilosc_miejsc, miasto, ulica, nr_budynku) VALUES (123453, 12700, 'Rzeszów', 'Hetmańska', '69');
INSERT INTO stadion (id_stadion, ilosc_miejsc, miasto, ulica, nr_budynku) VALUES (123454, 3000, 'Olsztyn', 'Piłsudskiego', '69a');
INSERT INTO stadion (id_stadion, ilosc_miejsc, miasto, ulica, nr_budynku) VALUES (123455, 2817, 'Głogów', 'Wita Stwosza', '3');
INSERT INTO stadion (id_stadion, ilosc_miejsc, miasto, ulica, nr_budynku) VALUES (123456, 5000, 'Nowy Sącz', 'Jana Kilińskiego', '47');
INSERT INTO stadion (id_stadion, ilosc_miejsc, miasto, ulica, nr_budynku) VALUES (123457, 5000, 'Opole', 'Oleska', '51');
INSERT INTO stadion (id_stadion, ilosc_miejsc, miasto, ulica, nr_budynku) VALUES (123458, 2118, 'Niepołomice', 'Janusza Kusocińskiego', NULL);
INSERT INTO stadion (id_stadion, ilosc_miejsc, miasto, ulica, nr_budynku) VALUES (123459, 6000, 'Jastrzębie-Zdrój', 'Harcerska', '14b');
INSERT INTO stadion (id_stadion, ilosc_miejsc, miasto, ulica, nr_budynku) VALUES (123450, 15076, 'Bielsko-Biała', 'Rychlińskiego', '19');

INSERT INTO klub (id_klub, nazwa, rok_zalozenia, id_stadion) VALUES (112345, 'Arka Gdynia', 1929, 123451);
INSERT INTO klub (id_klub, nazwa, rok_zalozenia, id_stadion) VALUES (212345, 'Miedź Legnica', 1971, 123452);
INSERT INTO klub (id_klub, nazwa, rok_zalozenia, id_stadion) VALUES (312345, 'Resovia Rzeszów', 1910, 123453);
INSERT INTO klub (id_klub, nazwa, rok_zalozenia, id_stadion) VALUES (412345, 'Stomil Olsztyn', 1945, 123454);
INSERT INTO klub (id_klub, nazwa, rok_zalozenia, id_stadion) VALUES (512345, 'Chrobry Głogów', 1946, 123455);
INSERT INTO klub (id_klub, nazwa, rok_zalozenia, id_stadion) VALUES (612345, 'Sandecja Nowy Sącz', 1910, 123456);
INSERT INTO klub (id_klub, nazwa, rok_zalozenia, id_stadion) VALUES (712345, 'Odra Opole', 1945, 123457);
INSERT INTO klub (id_klub, nazwa, rok_zalozenia, id_stadion) VALUES (812345, 'Puszcza Niepołomice', 1923, 123458);
INSERT INTO klub (id_klub, nazwa, rok_zalozenia, id_stadion) VALUES (912345, 'GKS Jastrzębie-Zdrój', 1961, 123459);
INSERT INTO klub (id_klub, nazwa, rok_zalozenia, id_stadion) VALUES (012345, 'Podbeskidzie Bielsko-Biała', 1997, 123450);

INSERT INTO trener (id_trenera, data_urodzenia, miejsce_urodzenia, imie, nazwisko, pensja, id_klub) VALUES (100, '1962-04-27', 'Wrocław', 'Ryszard', 'Tarasiewicz', 15000, 112345);
INSERT INTO trener (id_trenera, data_urodzenia, miejsce_urodzenia, imie, nazwisko, pensja, id_klub) VALUES (200, '1982-10-20', 'Bydgoszcz', 'Wojciech', 'Łobodziński', 10000, 212345);
INSERT INTO trener (id_trenera, data_urodzenia, miejsce_urodzenia, imie, nazwisko, pensja, id_klub) VALUES (300, '1989-05-03', 'Łódź', 'Dawid', 'Kroczek', 6500, 312345);
INSERT INTO trener (id_trenera, data_urodzenia, miejsce_urodzenia, imie, nazwisko, pensja, id_klub) VALUES (400, '1977-02-06', 'Poznań', 'Piotr', 'Jacek', 6500, 412345);
INSERT INTO trener (id_trenera, data_urodzenia, miejsce_urodzenia, imie, nazwisko, pensja, id_klub) VALUES (500, '1977-02-05', 'Belgrad', 'Ivan', 'Durdević', 7000, 512345);
INSERT INTO trener (id_trenera, data_urodzenia, miejsce_urodzenia, imie, nazwisko, pensja, id_klub) VALUES (600, '1975-04-08', 'Knurów', 'Dariusz', 'Dudek', 7235, 612345);
INSERT INTO trener (id_trenera, data_urodzenia, miejsce_urodzenia, imie, nazwisko, pensja, id_klub) VALUES (700, '1977-05-29', 'Opole', 'Piotr', 'Plewnia', 8000, 712345);
INSERT INTO trener (id_trenera, data_urodzenia, miejsce_urodzenia, imie, nazwisko, pensja, id_klub) VALUES (800, '1969-12-29', 'Mielec', 'Tomasz', 'Tułacz', 5500, 812345);
INSERT INTO trener (id_trenera, data_urodzenia, miejsce_urodzenia, imie, nazwisko, pensja, id_klub) VALUES (900, '1982-08-27', 'Kozin', 'Ołeksandr', 'Szeweluchin', 5000, 912345);
INSERT INTO trener (id_trenera, data_urodzenia, miejsce_urodzenia, imie, nazwisko, pensja, id_klub) VALUES (1000, '1969-07-25', 'Bytom', 'Mirosław', 'Smyła', 15000, 012345);
INSERT INTO trener (id_trenera, data_urodzenia, miejsce_urodzenia, imie, nazwisko, pensja, id_klub) VALUES (1100, '1983-01-10', 'Kętrzyn', 'Grzegorz', 'Lech', 5000, 412345);
INSERT INTO trener (id_trenera, data_urodzenia, miejsce_urodzenia, imie, nazwisko, pensja, id_klub) VALUES (1200, '1982-08-27', 'Sao Paulo', NULL, 'Fernandinho', NULL, NULL);
INSERT INTO trener (id_trenera, data_urodzenia, miejsce_urodzenia, imie, nazwisko, pensja, id_klub) VALUES (1300, '1992-01-10', 'Poznań', 'Tomasz', 'Kroczek', NULL, NULL);

INSERT INTO zawodnik (id_zawodnika, data_urodzenia, miejsce_urodzenia, narodowosc, imie, nazwisko, pensja, ma_kontrakt, jest_wychowankiem) VALUES (1, '1998-02-23', 'Bydgoszcz', 'Polska', 'Hubert', 'Adamczyk', 25000, 112345, NULL);
INSERT INTO zawodnik (id_zawodnika, data_urodzenia, miejsce_urodzenia, narodowosc, imie, nazwisko, pensja, ma_kontrakt, jest_wychowankiem) VALUES (2, '2000-01-25', 'Słupsk', 'Polska', 'Karol', 'Czubak', 22000, 112345, NULL);
INSERT INTO zawodnik (id_zawodnika, data_urodzenia, miejsce_urodzenia, narodowosc, imie, nazwisko, pensja, ma_kontrakt, jest_wychowankiem) VALUES (3, '1999-04-11', 'Łódź', 'Polska', 'Patryk', 'Makuch', 20000, 212345, 212345);
INSERT INTO zawodnik (id_zawodnika, data_urodzenia, miejsce_urodzenia, narodowosc, imie, nazwisko, pensja, ma_kontrakt, jest_wychowankiem) VALUES (4, '1997-06-10', 'Jacarilla', 'Hiszpania', NULL, 'Chuca', 20000, 212345, NULL);
INSERT INTO zawodnik (id_zawodnika, data_urodzenia, miejsce_urodzenia, narodowosc, imie, nazwisko, pensja, ma_kontrakt, jest_wychowankiem) VALUES (5, '1998-11-28', 'Lubaczów', 'Polska', 'Kamil', 'Antonik', 14500, 312345, 312345);
INSERT INTO zawodnik (id_zawodnika, data_urodzenia, miejsce_urodzenia, narodowosc, imie, nazwisko, pensja, ma_kontrakt, jest_wychowankiem) VALUES (6, '1999-02-18', 'Nowy Sącz', 'Polska', 'Marek', 'Mróz', 14000, 312345, 612345);
INSERT INTO zawodnik (id_zawodnika, data_urodzenia, miejsce_urodzenia, narodowosc, imie, nazwisko, pensja, ma_kontrakt, jest_wychowankiem) VALUES (7, '1999-11-13', 'Kinshasa', 'Demokratyczna Republika Konga', 'Merveille', 'Fundambu', 12000, 412345, NULL);
INSERT INTO zawodnik (id_zawodnika, data_urodzenia, miejsce_urodzenia, narodowosc, imie, nazwisko, pensja, ma_kontrakt, jest_wychowankiem) VALUES (8, '1995-08-06', 'Gdynia', 'Polska', 'Maciej', 'Dampc', 13130, 412345, 112345);
INSERT INTO zawodnik (id_zawodnika, data_urodzenia, miejsce_urodzenia, narodowosc, imie, nazwisko, pensja, ma_kontrakt, jest_wychowankiem) VALUES (9, '1985-04-11', 'Wrocław', 'Polska', 'Michał', 'Ilków-Gołąb', 18000, 512345, NULL);
INSERT INTO zawodnik (id_zawodnika, data_urodzenia, miejsce_urodzenia, narodowosc, imie, nazwisko, pensja, ma_kontrakt, jest_wychowankiem) VALUES (10, '1989-06-28', 'Głogów', 'Polska', 'Mateusz', 'Machaj', 19000, 512345, NULL);
INSERT INTO zawodnik (id_zawodnika, data_urodzenia, miejsce_urodzenia, narodowosc, imie, nazwisko, pensja, ma_kontrakt, jest_wychowankiem) VALUES (11, '1992-04-18', 'Sofia', 'Bułgaria', 'Svetoslav', 'Dikov', 15000, 612345, NULL);
INSERT INTO zawodnik (id_zawodnika, data_urodzenia, miejsce_urodzenia, narodowosc, imie, nazwisko, pensja, ma_kontrakt, jest_wychowankiem) VALUES (12, '1993-09-12', 'Nowy Sącz', 'Polska', 'Kamil', 'Słaby', 15000, 612345, 612345);
INSERT INTO zawodnik (id_zawodnika, data_urodzenia, miejsce_urodzenia, narodowosc, imie, nazwisko, pensja, ma_kontrakt, jest_wychowankiem) VALUES (13, '1994-08-13', 'Ozimek', 'Polska', 'Mateusz', 'Marzec', 17600, 712345, NULL);
INSERT INTO zawodnik (id_zawodnika, data_urodzenia, miejsce_urodzenia, narodowosc, imie, nazwisko, pensja, ma_kontrakt, jest_wychowankiem) VALUES (14, '1986-03-25', 'Brzeg Dolny', 'Polska', 'Krzysztof', 'Janus', 17000, 712345, NULL);
INSERT INTO zawodnik (id_zawodnika, data_urodzenia, miejsce_urodzenia, narodowosc, imie, nazwisko, pensja, ma_kontrakt, jest_wychowankiem) VALUES (15, '2002-02-20', 'Brzozów', 'Polska', 'Gabriel', 'Kobylak', 12000, 812345, NULL);
INSERT INTO zawodnik (id_zawodnika, data_urodzenia, miejsce_urodzenia, narodowosc, imie, nazwisko, pensja, ma_kontrakt, jest_wychowankiem) VALUES (16, '1984-06-09', 'Ostrołęka', 'Polska', 'Rafał', 'Boguski', 14000, 812345, NULL);
INSERT INTO zawodnik (id_zawodnika, data_urodzenia, miejsce_urodzenia, narodowosc, imie, nazwisko, pensja, ma_kontrakt, jest_wychowankiem) VALUES (17, '1997-01-01', 'Warszawa', 'Polska', 'Dawid', 'Witkowski', 12000, 912345, NULL);
INSERT INTO zawodnik (id_zawodnika, data_urodzenia, miejsce_urodzenia, narodowosc, imie, nazwisko, pensja, ma_kontrakt, jest_wychowankiem) VALUES (18, '1998-02-13', 'Wadowice', 'Polska', 'Konrad', 'Handzlik', 12000, 912345, NULL);
INSERT INTO zawodnik (id_zawodnika, data_urodzenia, miejsce_urodzenia, narodowosc, imie, nazwisko, pensja, ma_kontrakt, jest_wychowankiem) VALUES (19, '1990-07-29', 'Gubin', 'Polska', 'Michał', 'Janota', 25000, 012345, NULL);
INSERT INTO zawodnik (id_zawodnika, data_urodzenia, miejsce_urodzenia, narodowosc, imie, nazwisko, pensja, ma_kontrakt, jest_wychowankiem) VALUES (20, '1988-01-23', 'Wrocław', 'Polska', 'Kamil', 'Biliński', 25000, 012345, NULL);
INSERT INTO zawodnik (id_zawodnika, data_urodzenia, miejsce_urodzenia, narodowosc, imie, nazwisko, pensja, ma_kontrakt, jest_wychowankiem) VALUES (21, '2000-01-31', 'Toruń', 'Polska', 'Michał', 'Bednarski', 19000, 112345, NULL);
INSERT INTO zawodnik (id_zawodnika, data_urodzenia, miejsce_urodzenia, narodowosc, imie, nazwisko, pensja, ma_kontrakt, jest_wychowankiem) VALUES (22, '1996-03-20', 'Głogów', 'Polska', 'Michał', 'Bednarski', 18500, 212345, 512345);
INSERT INTO zawodnik (id_zawodnika, data_urodzenia, miejsce_urodzenia, narodowosc, imie, nazwisko, pensja, ma_kontrakt, jest_wychowankiem) VALUES (23, '1991-09-29', 'Jarocin', 'Polska', 'Karol', 'Danielak', NULL, NULL, 512345);
INSERT INTO zawodnik (id_zawodnika, data_urodzenia, miejsce_urodzenia, narodowosc, imie, nazwisko, pensja, ma_kontrakt, jest_wychowankiem) VALUES (24, '1996-02-17', 'Tiflis', 'Gruzja', 'Luka', 'Zarandia', NULL, NULL, NULL);
INSERT INTO zawodnik (id_zawodnika, data_urodzenia, miejsce_urodzenia, narodowosc, imie, nazwisko, pensja, ma_kontrakt, jest_wychowankiem) VALUES (25, '1991-04-16', 'Lubin', 'Polska', 'Adrian', 'Błąd', NULL, NULL, NULL);

INSERT INTO mecz (id_mecz, ilosc_widzow, godz_rozpoczecia, id_stadion, gospodarz, gosc) VALUES (1011, 13112, '20:45', 123451, 112345, 212345);
INSERT INTO mecz (id_mecz, ilosc_widzow, godz_rozpoczecia, id_stadion, gospodarz, gosc) VALUES (1021, 4563, '20:45', 123452, 212345, 112345);
INSERT INTO mecz (id_mecz, ilosc_widzow, godz_rozpoczecia, id_stadion, gospodarz, gosc) VALUES (1031, 2137, '18:00', 123453, 312345, 512345);
INSERT INTO mecz (id_mecz, ilosc_widzow, godz_rozpoczecia, id_stadion, gospodarz, gosc) VALUES (1041, 1019, '17:30', 123454, 412345, 212345);
INSERT INTO mecz (id_mecz, ilosc_widzow, godz_rozpoczecia, id_stadion, gospodarz, gosc) VALUES (1051, 1700, '12:40', 123455, 512345, 412345);
INSERT INTO mecz (id_mecz, ilosc_widzow, godz_rozpoczecia, id_stadion, gospodarz, gosc) VALUES (1061, 3364, '15:00', 123456, 612345, 312345);
INSERT INTO mecz (id_mecz, ilosc_widzow, godz_rozpoczecia, id_stadion, gospodarz, gosc) VALUES (1071, 3365, '20:30', 123457, 712345, 612345);
INSERT INTO mecz (id_mecz, ilosc_widzow, godz_rozpoczecia, id_stadion, gospodarz, gosc) VALUES (1081, 1019, '17:30', 123458, 812345, 012345);
INSERT INTO mecz (id_mecz, ilosc_widzow, godz_rozpoczecia, id_stadion, gospodarz, gosc) VALUES (1091, 7015, '17:45', 123451, 112345, 712345);
INSERT INTO mecz (id_mecz, ilosc_widzow, godz_rozpoczecia, id_stadion, gospodarz, gosc) VALUES (1101, 8001, '19:00', 123453, 312345, 112345);
INSERT INTO mecz (id_mecz, ilosc_widzow, godz_rozpoczecia, id_stadion, gospodarz, gosc) VALUES (1111, 1019, '17:30', 123454, 412345, 012345);
INSERT INTO mecz (id_mecz, ilosc_widzow, godz_rozpoczecia, id_stadion, gospodarz, gosc) VALUES (1121, 5073, '15:30', 123451, 112345, 812345);

INSERT INTO bramka (id_bramki, czy_samobójcza, minuta, id_zawodnika, id_mecz) VALUES (201, false, 37, 21, 1011);
INSERT INTO bramka (id_bramki, czy_samobójcza, minuta, id_zawodnika, id_mecz) VALUES (202, false, '45+1', 1, 1011);
INSERT INTO bramka (id_bramki, czy_samobójcza, minuta, id_zawodnika, id_mecz) VALUES (203, false, 3, 4, 1011);
INSERT INTO bramka (id_bramki, czy_samobójcza, minuta, id_zawodnika, id_mecz) VALUES (204, false, 37, 22, 1021);
INSERT INTO bramka (id_bramki, czy_samobójcza, minuta, id_zawodnika, id_mecz) VALUES (205, false, 46, 14, 1091);
INSERT INTO bramka (id_bramki, czy_samobójcza, minuta, id_zawodnika, id_mecz) VALUES (206, true, 90, 9, 1051);
INSERT INTO bramka (id_bramki, czy_samobójcza, minuta, id_zawodnika, id_mecz) VALUES (207, false, 15, 9, 1051);
INSERT INTO bramka (id_bramki, czy_samobójcza, minuta, id_zawodnika, id_mecz) VALUES (208, false, 23, 3, 1041);
INSERT INTO bramka (id_bramki, czy_samobójcza, minuta, id_zawodnika, id_mecz) VALUES (209, false, 54, 20, 1081);
INSERT INTO bramka (id_bramki, czy_samobójcza, minuta, id_zawodnika, id_mecz) VALUES (210, true, 82, 12, 1071);
INSERT INTO bramka (id_bramki, czy_samobójcza, minuta, id_zawodnika, id_mecz) VALUES (211, true, '90+12', 12, 1071);
INSERT INTO bramka (id_bramki, czy_samobójcza, minuta, id_zawodnika, id_mecz) VALUES (212, false, 60, 16, 1081);
INSERT INTO bramka (id_bramki, czy_samobójcza, minuta, id_zawodnika, id_mecz) VALUES (213, false, 71, 1, 1121);
INSERT INTO bramka (id_bramki, czy_samobójcza, minuta, id_zawodnika, id_mecz) VALUES (214, false, 9, 1, 1121);
INSERT INTO bramka (id_bramki, czy_samobójcza, minuta, id_zawodnika, id_mecz) VALUES (215, true, 13, 5, 1031);

INSERT INTO gra (id_zawodnika, id_mecz) VALUES (21, 1011);
INSERT INTO gra (id_zawodnika, id_mecz) VALUES (1, 1011);
INSERT INTO gra (id_zawodnika, id_mecz) VALUES (4, 1011);
INSERT INTO gra (id_zawodnika, id_mecz) VALUES (22, 1021);
INSERT INTO gra (id_zawodnika, id_mecz) VALUES (14, 1091);
INSERT INTO gra (id_zawodnika, id_mecz) VALUES (9, 1051);
INSERT INTO gra (id_zawodnika, id_mecz) VALUES (13, 1091);
INSERT INTO gra (id_zawodnika, id_mecz) VALUES (3, 1041);
INSERT INTO gra (id_zawodnika, id_mecz) VALUES (20, 1081);
INSERT INTO gra (id_zawodnika, id_mecz) VALUES (8, 1111);
INSERT INTO gra (id_zawodnika, id_mecz) VALUES (12, 1071);
INSERT INTO gra (id_zawodnika, id_mecz) VALUES (16, 1081);
INSERT INTO gra (id_zawodnika, id_mecz) VALUES (5, 1031);
INSERT INTO gra (id_zawodnika, id_mecz) VALUES (2, 1121);
INSERT INTO gra (id_zawodnika, id_mecz) VALUES (1, 1121);